Region,Product,Machine,Month_Year,Area_Hectares,Production_Tons,Sales_Revenue,Cost_Man,Fuel_Consumption_Liters
Nordeste,Cana-de-açúcar,Plantadeira Y,2024-10,480,1310,164648,175205,4999
Norte,Cana-de-açúcar,Colheitadeira X,2024-12,437,21,434724,232107,4410
Centro-Oeste,Cana-de-açúcar,Plantadeira Y,2024-10,227,75,477927,100761,3119
Norte,Cana-de-açúcar,Colheitadeira X,2024-01,13,1297,35464,33926,3781
Norte,Trigo,Trator B,2024-02,99,1353,463497,109700,1543
Sudeste,Trigo,Trator A,2024-09,113,1822,288404,54593,4296
Centro-Oeste,Milho,Trator B,2024-08,402,309,134997,10209,3110
Centro-Oeste,Soja,Trator A,2024-03,128,1479,307584,131700,672
Centro-Oeste,Cana-de-açúcar,Trator A,2024-08,142,1035,367226,91597,1432
Norte,Milho,Trator A,2024-12,321,1342,377727,274355,4853
Nordeste,Soja,Trator B,2024-01,105,821,66683,14927,4102
Centro-Oeste,Algodão,Trator A,2024-10,477,1131,396350,213535,3234
Norte,Trigo,Trator B,2024-04,443,825,182502,122333,4186
Sudeste,Soja,Plantadeira Y,2024-03,340,197,405203,160666,325
Nordeste,Algodão,Colheitadeira X,2024-06,152,1781,166177,210924,4300
Sudeste,Soja,Colheitadeira X,2024-07,297,1602,88484,213785,2097
Nordeste,Trigo,Trator A,2024-04,37,533,259819,144005,871
Norte,Trigo,Trator B,2024-07,287,175,416242,108780,4624
Sul,Milho,Colheitadeira X,2024-09,242,1565,340453,45696,533
Nordeste,Cana-de-açúcar,Trator B,2024-11,26,255,318071,201521,3199
Sudeste,Soja,Trator B,2024-02,68,1793,216486,162195,2829
Norte,Soja,Trator A,2024-11,99,1415,460751,55013,3507
Nordeste,Algodão,Colheitadeira X,2024-03,208,1235,315090,221486,3240
Sul,Trigo,Trator A,2024-05,371,545,398647,244350,965
Sul,Soja,Trator A,2024-03,450,1657,459777,31140,2893
Centro-Oeste,Trigo,Colheitadeira X,2024-11,35,420,151449,268328,3011
Centro-Oeste,Soja,Colheitadeira X,2024-08,34,798,63592,160918,2515
Sudeste,Milho,Plantadeira Y,2024-12,403,1408,148419,116361,350
Nordeste,Cana-de-açúcar,Plantadeira Y,2024-10,310,1172,305920,158267,3857
Nordeste,Soja,Trator B,2024-08,348,29,406999,272750,4756
Centro-Oeste,Trigo,Colheitadeira X,2024-08,276,1850,65798,21555,1018
Nordeste,Milho,Plantadeira Y,2024-12,470,672,145370,95385,1273
Nordeste,Soja,Trator B,2024-12,190,1101,342348,260658,3303
Sul,Algodão,Trator B,2024-09,465,636,358351,162419,532
Centro-Oeste,Cana-de-açúcar,Trator B,2024-04,369,1852,372500,234797,935
Norte,Soja,Plantadeira Y,2024-05,77,1861,458377,108844,2346
Centro-Oeste,Milho,Colheitadeira X,2024-05,360,1121,332796,96321,2362
Norte,Algodão,Trator A,2024-08,421,509,437700,199923,997
Sul,Milho,Trator B,2024-07,468,1626,401716,103234,3732
Sudeste,Milho,Plantadeira Y,2024-09,330,340,253767,232705,4667
Nordeste,Algodão,Plantadeira Y,2024-08,58,429,30922,206283,3915
Sul,Milho,Trator A,2024-02,184,503,437244,294987,346
Nordeste,Algodão,Trator A,2024-10,61,1392,423532,34793,2529
Sudeste,Soja,Plantadeira Y,2024-12,111,951,349140,153929,1090
Sudeste,Algodão,Colheitadeira X,2024-04,225,634,420184,24627,3410
Sul,Algodão,Trator A,2024-06,447,1773,302410,227633,1026
Sudeste,Cana-de-açúcar,Plantadeira Y,2024-12,197,1227,236817,229440,3538
Norte,Algodão,Trator A,2024-02,66,722,427216,180188,2707
Sudeste,Algodão,Colheitadeira X,2024-07,56,1441,417227,263191,1174
Nordeste,Soja,Trator B,2024-03,168,343,12866,128099,4122
Nordeste,Cana-de-açúcar,Trator A,2024-03,498,663,122669,214074,3899
Nordeste,Trigo,Colheitadeira X,2024-11,183,966,278042,178686,4884
Nordeste,Soja,Plantadeira Y,2024-02,251,1965,290539,279864,3251
Norte,Soja,Trator A,2024-11,291,433,180091,112449,3538
Centro-Oeste,Trigo,Trator A,2024-08,250,1811,276150,107828,4673
Sul,Algodão,Plantadeira Y,2024-06,379,903,175465,131613,3591
Nordeste,Milho,Trator B,2024-01,14,143,283100,77095,806
Sudeste,Cana-de-açúcar,Plantadeira Y,2024-12,93,1721,453258,110924,3164
Nordeste,Milho,Trator A,2024-01,317,946,499415,101452,853
Sudeste,Trigo,Plantadeira Y,2024-07,370,546,409294,92593,687
Sudeste,Soja,Colheitadeira X,2024-08,468,61,432847,171964,1434
Nordeste,Soja,Plantadeira Y,2024-05,257,1260,367820,131202,1947
Norte,Cana-de-açúcar,Trator A,2024-12,63,662,131724,82606,4034
Sudeste,Soja,Plantadeira Y,2024-11,170,439,72901,128769,4026
Sudeste,Soja,Trator B,2024-05,443,388,379371,123542,3417
Nordeste,Cana-de-açúcar,Plantadeira Y,2024-04,431,564,210569,268068,4120
Sudeste,Cana-de-açúcar,Trator B,2024-06,420,198,498029,56322,3255
Sudeste,Trigo,Colheitadeira X,2024-06,235,1764,127192,162550,4402
Nordeste,Soja,Trator B,2024-03,24,1676,182646,76042,2298
Nordeste,Soja,Plantadeira Y,2024-09,233,538,303561,51418,264
Sul,Trigo,Trator A,2024-12,70,522,360164,105699,2098
Norte,Algodão,Trator B,2024-11,131,720,355783,95140,3157
Norte,Algodão,Colheitadeira X,2024-07,286,755,468222,16781,2184
Sudeste,Algodão,Trator B,2024-01,55,189,104881,102628,4528
Norte,Trigo,Trator B,2024-07,462,1900,252934,81946,502
Sudeste,Soja,Trator B,2024-05,399,296,442670,90058,513
Sul,Trigo,Colheitadeira X,2024-05,303,1363,142659,156542,144
Nordeste,Trigo,Plantadeira Y,2024-02,71,736,131688,275675,4257
Nordeste,Algodão,Trator B,2024-04,95,120,125584,47674,2567
Nordeste,Milho,Trator B,2024-12,455,829,195782,132572,967
Norte,Soja,Trator A,2024-06,219,1077,358711,230730,118
Sul,Algodão,Colheitadeira X,2024-10,87,689,232820,296975,464
Norte,Milho,Trator B,2024-11,211,86,348030,62174,3932
Norte,Milho,Colheitadeira X,2024-07,311,838,422032,278423,679
Sul,Cana-de-açúcar,Trator B,2024-11,406,337,226896,261008,645
Sul,Soja,Plantadeira Y,2024-05,232,561,301576,58051,4250
Sul,Milho,Plantadeira Y,2024-09,231,339,189689,208085,4973
Sul,Algodão,Trator B,2024-03,12,536,344517,70524,3139
Nordeste,Cana-de-açúcar,Plantadeira Y,2024-01,487,1988,175289,273614,4237
Centro-Oeste,Soja,Trator B,2024-04,15,225,293028,236189,4144
Centro-Oeste,Trigo,Plantadeira Y,2024-09,102,639,277598,49439,4426
Sul,Algodão,Trator A,2024-04,17,1774,84960,281452,552
Centro-Oeste,Milho,Trator A,2024-02,437,1761,112421,96563,4061
Centro-Oeste,Milho,Trator A,2024-10,244,327,248245,232328,1481
Sul,Algodão,Colheitadeira X,2024-05,117,1879,53618,211314,1567
Centro-Oeste,Milho,Colheitadeira X,2024-03,170,7,487164,14837,2838
Norte,Cana-de-açúcar,Trator A,2024-12,218,1722,465887,240207,1316
Sudeste,Soja,Colheitadeira X,2024-09,249,210,57111,123128,980
Sudeste,Cana-de-açúcar,Plantadeira Y,2024-04,340,1860,442829,172896,3914
Sul,Milho,Trator B,2024-06,342,44,226750,169145,3249
Nordeste,Trigo,Trator B,2024-02,59,63,130592,102624,184
Sul,Soja,Trator B,2024-06,20,955,244000,194933,4244
Nordeste,Soja,Trator A,2024-03,360,578,265989,35063,1268
Sudeste,Algodão,Colheitadeira X,2024-12,165,648,332137,74453,4264
Sul,Algodão,Plantadeira Y,2024-12,79,1535,138652,259371,3229
Norte,Trigo,Plantadeira Y,2024-09,178,1600,412064,107166,3745
Centro-Oeste,Soja,Trator A,2024-11,281,1912,88672,19506,2626
Nordeste,Trigo,Plantadeira Y,2024-02,77,847,260351,230413,2967
Centro-Oeste,Algodão,Plantadeira Y,2024-12,364,1150,338269,118604,3616
Centro-Oeste,Algodão,Plantadeira Y,2024-12,261,1507,227516,31026,3467
Sul,Soja,Plantadeira Y,2024-09,57,623,389653,260116,2294
Centro-Oeste,Cana-de-açúcar,Colheitadeira X,2024-05,193,100,71602,195285,3655
Norte,Milho,Plantadeira Y,2024-08,329,1887,213117,55971,545
Centro-Oeste,Algodão,Trator B,2024-02,196,1442,247069,118978,3726
Sul,Algodão,Trator A,2024-06,99,1263,52222,164163,4116
Norte,Cana-de-açúcar,Colheitadeira X,2024-03,455,902,321367,108864,3975
Sudeste,Cana-de-açúcar,Plantadeira Y,2024-12,341,1090,251084,100386,3437
Centro-Oeste,Trigo,Colheitadeira X,2024-12,148,1284,252318,91126,361
Sul,Trigo,Plantadeira Y,2024-10,366,565,75333,167023,1948
Sudeste,Milho,Trator B,2024-05,98,909,193804,85863,4125
Sudeste,Milho,Trator A,2024-12,283,352,394794,130659,2366
Nordeste,Soja,Plantadeira Y,2024-08,28,675,59420,195944,191
Norte,Trigo,Plantadeira Y,2024-10,480,1152,85504,12235,4322
Centro-Oeste,Algodão,Plantadeira Y,2024-01,320,1510,12462,67712,4275
Sul,Trigo,Plantadeira Y,2024-05,367,321,281604,157545,3409
Nordeste,Algodão,Trator A,2024-03,383,1532,109319,203639,1082
Norte,Cana-de-açúcar,Trator A,2024-04,475,723,266674,242890,3543
Nordeste,Trigo,Trator B,2024-02,163,1076,150347,130849,2633
Norte,Cana-de-açúcar,Trator A,2024-09,399,1437,497429,260493,793
Norte,Milho,Plantadeira Y,2024-03,269,1960,154341,84823,4220
Centro-Oeste,Milho,Trator B,2024-02,117,1164,139593,109215,255
Norte,Soja,Trator B,2024-10,380,1229,132672,246071,3688
Nordeste,Trigo,Trator B,2024-11,294,254,469158,37230,1912
Norte,Cana-de-açúcar,Plantadeira Y,2024-09,68,318,345064,228660,4214
Centro-Oeste,Algodão,Colheitadeira X,2024-07,134,1897,294697,184736,1507
Centro-Oeste,Milho,Plantadeira Y,2024-06,363,1396,427582,128246,1316
Nordeste,Milho,Trator A,2024-01,282,1457,54036,89817,1510
Sudeste,Algodão,Trator A,2024-05,116,1858,158441,243657,3597
Sudeste,Cana-de-açúcar,Plantadeira Y,2024-12,308,811,152867,222033,4472
Norte,Cana-de-açúcar,Plantadeira Y,2024-11,254,1508,80021,236414,4940
Sul,Trigo,Trator B,2024-11,345,1342,379349,261812,651
Norte,Trigo,Plantadeira Y,2024-03,459,1528,471370,75219,3494
Nordeste,Soja,Trator B,2024-01,427,1749,171215,175956,1276
Nordeste,Milho,Trator A,2024-04,256,1383,432641,262134,4834
Nordeste,Trigo,Trator B,2024-02,17,489,360353,26650,4432
Nordeste,Cana-de-açúcar,Plantadeira Y,2024-02,150,1239,347283,175521,1097
Nordeste,Algodão,Trator A,2024-03,371,1732,246304,175733,4176
Centro-Oeste,Cana-de-açúcar,Colheitadeira X,2024-08,17,48,15368,296853,2831
Sudeste,Milho,Trator B,2024-08,487,1569,145693,247037,4037
Nordeste,Cana-de-açúcar,Trator A,2024-12,361,575,68829,85428,4152
Sul,Soja,Trator B,2024-07,493,587,401180,211251,472
Sul,Milho,Trator A,2024-06,103,1120,463510,14943,2348
Sul,Algodão,Trator A,2024-09,330,1293,286863,179312,948
Sul,Soja,Trator B,2024-04,436,899,39227,26042,2656
Centro-Oeste,Milho,Colheitadeira X,2024-12,48,224,119430,257842,2422
Sul,Algodão,Trator A,2024-01,90,1930,410782,191443,603
Nordeste,Soja,Trator A,2024-08,196,929,22306,156990,3289
Norte,Soja,Trator A,2024-07,93,1470,63822,295523,802
Sul,Milho,Colheitadeira X,2024-07,97,405,34042,219304,3725
Centro-Oeste,Trigo,Colheitadeira X,2024-03,251,1428,418302,149923,414
Centro-Oeste,Soja,Plantadeira Y,2024-04,351,731,158459,206904,2476
Sul,Soja,Trator B,2024-10,102,995,430258,192428,1140
Norte,Algodão,Colheitadeira X,2024-09,95,903,99424,150817,4478
Sul,Cana-de-açúcar,Trator B,2024-06,53,1817,192690,10730,3090
Centro-Oeste,Milho,Plantadeira Y,2024-05,146,1604,233122,234502,357
Sudeste,Milho,Trator B,2024-03,430,862,159395,207210,674
Nordeste,Trigo,Colheitadeira X,2024-09,83,808,28019,219183,4769
Centro-Oeste,Trigo,Trator B,2024-05,45,494,347570,24023,1652
Sul,Milho,Colheitadeira X,2024-05,110,1513,50863,131796,4618
Nordeste,Trigo,Trator B,2024-04,485,1785,121023,289981,857
Sul,Algodão,Colheitadeira X,2024-04,165,1498,151355,181111,2910
Sul,Milho,Colheitadeira X,2024-12,435,1602,421495,25923,1204
Sudeste,Trigo,Trator B,2024-01,264,942,319143,276020,4624
Nordeste,Milho,Plantadeira Y,2024-07,180,848,72780,199795,3559
Nordeste,Cana-de-açúcar,Trator A,2024-09,478,1710,295052,238462,4092
Sudeste,Soja,Plantadeira Y,2024-03,225,1473,202656,56413,303
Centro-Oeste,Milho,Trator B,2024-12,179,1297,398422,260719,2875
Sul,Soja,Plantadeira Y,2024-02,261,271,385146,33756,2432
Norte,Trigo,Colheitadeira X,2024-03,369,58,453441,123248,2092
Sul,Soja,Trator A,2024-01,331,532,179024,277448,2343
Sul,Milho,Trator B,2024-06,64,1548,110706,35341,406
Centro-Oeste,Cana-de-açúcar,Trator B,2024-11,465,620,178735,132039,1787
Sul,Trigo,Trator B,2024-11,441,1087,132019,196830,4209
Sudeste,Milho,Trator A,2024-07,100,1853,381852,167730,1960
Sudeste,Trigo,Colheitadeira X,2024-11,287,1068,202453,185074,2061
Nordeste,Algodão,Trator B,2024-11,110,1265,189001,239390,822
Norte,Soja,Plantadeira Y,2024-02,164,959,281487,137447,879
Sul,Algodão,Trator B,2024-08,386,390,348317,104485,628
Sul,Milho,Trator B,2024-06,358,1634,110260,289236,4993
Centro-Oeste,Cana-de-açúcar,Trator B,2024-04,460,738,180863,136562,443
Sudeste,Trigo,Trator B,2024-05,373,720,170206,8729,3886
Norte,Soja,Colheitadeira X,2024-08,150,654,188173,142046,3782
Nordeste,Trigo,Plantadeira Y,2024-03,182,304,79443,123222,308
Sudeste,Milho,Colheitadeira X,2024-03,19,399,240183,88860,4836
Nordeste,Trigo,Plantadeira Y,2024-11,237,1235,329674,263360,3506
Centro-Oeste,Soja,Trator B,2024-04,274,1364,450015,26398,1411
Centro-Oeste,Milho,Trator A,2024-01,447,597,145899,108889,2399
Sul,Trigo,Colheitadeira X,2024-09,257,1758,106143,270303,3436
Norte,Cana-de-açúcar,Trator A,2024-08,256,518,203725,230959,2047
Nordeste,Milho,Colheitadeira X,2024-08,164,1206,154771,107834,1019
Sudeste,Milho,Trator B,2024-10,43,400,494635,26638,2144
Centro-Oeste,Cana-de-açúcar,Colheitadeira X,2024-06,138,375,386671,268217,518
Sul,Algodão,Trator B,2024-07,169,862,258044,220379,1849
Sul,Soja,Colheitadeira X,2024-06,98,795,146385,237069,2942
Nordeste,Algodão,Trator B,2024-09,102,662,154670,34320,1199
Centro-Oeste,Trigo,Trator B,2024-03,336,1346,121362,39924,3492
Norte,Cana-de-açúcar,Plantadeira Y,2024-03,250,740,256517,217792,2872
Centro-Oeste,Algodão,Trator B,2024-03,332,1397,300951,176097,2580
Nordeste,Milho,Plantadeira Y,2024-10,477,388,473639,7159,1645
Nordeste,Trigo,Trator B,2024-03,413,66,210462,53940,1170
Centro-Oeste,Trigo,Trator A,2024-09,126,1834,186298,84436,1950
Nordeste,Algodão,Trator B,2024-12,103,509,69550,19678,4298
Centro-Oeste,Algodão,Trator A,2024-04,172,243,483288,197147,3039
Sudeste,Cana-de-açúcar,Trator A,2024-07,108,199,275702,142844,2003
Centro-Oeste,Soja,Trator B,2024-09,122,682,478524,72163,778
Centro-Oeste,Algodão,Trator A,2024-11,368,1991,322257,246040,1088
Nordeste,Algodão,Plantadeira Y,2024-12,100,1250,325143,209827,2575
Nordeste,Milho,Colheitadeira X,2024-07,355,65,196950,159536,1707
Sul,Trigo,Trator B,2024-09,215,1157,439559,56137,2969
Sul,Soja,Trator A,2024-12,26,994,68219,105485,1602
Sudeste,Milho,Trator B,2024-03,283,689,176258,245970,1889
Sul,Cana-de-açúcar,Plantadeira Y,2024-04,182,160,440182,110468,1525
Centro-Oeste,Cana-de-açúcar,Trator B,2024-08,125,1945,174841,5901,2540
Nordeste,Algodão,Trator B,2024-06,358,1406,261004,92980,2142
Sul,Algodão,Trator A,2024-05,477,1650,267336,270025,1378
Sul,Cana-de-açúcar,Plantadeira Y,2024-04,190,1809,246495,297007,2694
Sudeste,Algodão,Colheitadeira X,2024-08,100,927,63218,247434,4789
Sudeste,Soja,Colheitadeira X,2024-01,91,872,291373,207258,2536
Centro-Oeste,Algodão,Trator A,2024-09,333,907,347353,256839,3903
Nordeste,Trigo,Trator B,2024-01,458,1818,37877,77572,2305
Sudeste,Algodão,Trator A,2024-08,123,1614,199073,44255,1127
Sul,Milho,Trator A,2024-04,266,1003,369281,68212,3639
Nordeste,Soja,Trator A,2024-09,67,1465,310228,27499,3583
Nordeste,Milho,Trator B,2024-11,163,979,353924,107552,2341
Sul,Milho,Plantadeira Y,2024-05,374,1235,496108,66360,2865
Sudeste,Trigo,Trator A,2024-03,413,392,157878,148704,1273
Sul,Soja,Trator B,2024-09,125,1508,229707,166679,3330
Nordeste,Soja,Plantadeira Y,2024-11,352,1819,251249,96873,3450
Norte,Soja,Trator A,2024-09,275,891,47034,70756,503
Norte,Soja,Colheitadeira X,2024-04,324,842,181389,199454,2825
Centro-Oeste,Soja,Plantadeira Y,2024-11,212,1368,327612,32464,3482
Sul,Trigo,Trator A,2024-04,50,1897,422310,126897,4263
Sul,Algodão,Plantadeira Y,2024-12,114,344,198868,88791,187
Centro-Oeste,Milho,Plantadeira Y,2024-08,398,208,20589,160371,1258
Centro-Oeste,Soja,Plantadeira Y,2024-02,387,165,67221,184047,4373
Centro-Oeste,Algodão,Plantadeira Y,2024-09,202,1568,265927,137534,2957
Nordeste,Algodão,Plantadeira Y,2024-06,410,396,273801,86441,1481
Sul,Milho,Plantadeira Y,2024-09,287,773,370444,242612,4781
Nordeste,Trigo,Trator A,2024-08,363,1705,127229,236444,2164
Centro-Oeste,Cana-de-açúcar,Colheitadeira X,2024-07,246,579,311675,281319,2474
Sul,Cana-de-açúcar,Trator B,2024-01,434,538,62227,142263,417
Nordeste,Algodão,Plantadeira Y,2024-12,230,1098,275308,89518,1602
Nordeste,Milho,Trator B,2024-03,77,897,103078,216230,2142
Centro-Oeste,Cana-de-açúcar,Trator A,2024-11,206,409,487189,52645,4698
Sul,Algodão,Plantadeira Y,2024-02,265,612,313391,244608,2122
Centro-Oeste,Trigo,Colheitadeira X,2024-05,148,1703,245113,28283,218
Sul,Cana-de-açúcar,Trator B,2024-05,321,1619,422817,195195,809
Norte,Algodão,Plantadeira Y,2024-05,444,1545,497182,107780,3657
Sudeste,Algodão,Trator A,2024-04,158,832,60599,297878,4240
Sudeste,Soja,Colheitadeira X,2024-05,108,1148,474761,5515,4509
Sudeste,Trigo,Trator B,2024-03,85,1842,256367,233872,3350
Centro-Oeste,Soja,Trator B,2024-12,291,694,407768,63755,517
Norte,Milho,Plantadeira Y,2024-01,380,1716,412633,32856,2703
Sul,Soja,Colheitadeira X,2024-05,412,906,199651,78870,3954
Nordeste,Soja,Colheitadeira X,2024-09,118,1245,78207,142080,1201
Sul,Cana-de-açúcar,Colheitadeira X,2024-09,197,60,344199,275131,4521
Nordeste,Algodão,Colheitadeira X,2024-04,208,370,374410,101502,3528
Sul,Trigo,Trator A,2024-03,312,1727,350414,71323,2361
Norte,Soja,Colheitadeira X,2024-01,336,1532,121426,277017,4269
Nordeste,Trigo,Trator B,2024-02,163,1772,144794,218614,3734
Centro-Oeste,Soja,Trator B,2024-08,49,1795,342586,172516,608
Sul,Milho,Trator A,2024-01,142,1953,367776,110219,2479
Sul,Soja,Trator B,2024-08,414,459,181103,10033,3264
Nordeste,Cana-de-açúcar,Trator B,2024-07,471,108,220307,282833,787
Centro-Oeste,Algodão,Colheitadeira X,2024-08,141,81,31438,114756,4852
Centro-Oeste,Milho,Trator B,2024-12,288,234,68819,267210,1392
Norte,Soja,Trator A,2024-06,371,1942,53856,119159,4005
Centro-Oeste,Trigo,Colheitadeira X,2024-12,93,1286,436792,181318,3175
Centro-Oeste,Milho,Plantadeira Y,2024-09,408,1292,314082,12533,3309
Centro-Oeste,Milho,Colheitadeira X,2024-03,251,335,452244,206224,424
Sudeste,Soja,Trator A,2024-10,125,1210,69807,247653,2093
Norte,Milho,Colheitadeira X,2024-04,118,897,322021,114028,4076
Sul,Trigo,Colheitadeira X,2024-06,230,1796,53461,278916,4912
Nordeste,Milho,Trator A,2024-08,401,1578,103474,255231,2870
Sul,Trigo,Colheitadeira X,2024-05,50,692,443685,17940,4472
Norte,Soja,Trator A,2024-03,377,31,355280,21932,2683
Nordeste,Algodão,Trator A,2024-06,156,1304,292579,231377,3657
Norte,Milho,Plantadeira Y,2024-04,121,1680,225189,29648,3687
Centro-Oeste,Algodão,Trator B,2024-09,112,303,417407,37966,251
Nordeste,Trigo,Trator B,2024-03,55,961,356870,260733,1054
Centro-Oeste,Milho,Colheitadeira X,2024-04,421,803,264730,168639,4454
Sul,Cana-de-açúcar,Colheitadeira X,2024-07,484,1119,256732,251331,2471
Sul,Algodão,Plantadeira Y,2024-07,333,484,430602,47598,1291
Nordeste,Milho,Plantadeira Y,2024-12,387,577,172793,195271,787
Nordeste,Algodão,Plantadeira Y,2024-12,280,462,64786,180309,409
Norte,Milho,Trator A,2024-04,492,1479,285848,201569,1602
Norte,Soja,Plantadeira Y,2024-06,430,369,66635,136250,3227
Centro-Oeste,Algodão,Plantadeira Y,2024-12,394,863,405339,253004,4668
Nordeste,Cana-de-açúcar,Colheitadeira X,2024-03,204,1703,362854,22118,3467
Sul,Cana-de-açúcar,Plantadeira Y,2024-06,376,355,250909,27616,3495
Norte,Trigo,Trator A,2024-12,289,1683,255984,136870,913
Norte,Milho,Trator A,2024-02,292,1428,335137,274745,945
Sul,Algodão,Colheitadeira X,2024-08,49,257,122752,292507,1264
Norte,Trigo,Plantadeira Y,2024-02,456,785,221194,7795,4862
Centro-Oeste,Algodão,Plantadeira Y,2024-11,198,1909,238584,102462,1867
Nordeste,Milho,Trator A,2024-07,173,807,428632,270228,454
Sul,Cana-de-açúcar,Plantadeira Y,2024-09,491,1016,142886,267875,1972
Nordeste,Soja,Plantadeira Y,2024-01,486,463,88537,137201,2124
Norte,Cana-de-açúcar,Plantadeira Y,2024-08,33,1727,322402,164094,2917
Norte,Trigo,Trator B,2024-07,33,921,157580,268749,3932
Sul,Soja,Colheitadeira X,2024-06,499,503,95166,82506,4375
Centro-Oeste,Trigo,Trator B,2024-06,13,954,219988,245313,165
Sudeste,Milho,Colheitadeira X,2024-06,332,1999,385854,49130,4366
Sul,Soja,Trator A,2024-09,299,1954,307843,168402,4190
Sudeste,Trigo,Plantadeira Y,2024-02,450,512,318479,151259,2621
Sudeste,Milho,Colheitadeira X,2024-01,442,1332,318950,206682,2681
Centro-Oeste,Cana-de-açúcar,Trator B,2024-12,480,505,349997,228034,1490
Sudeste,Milho,Plantadeira Y,2024-06,190,807,204840,104694,1230
Sudeste,Algodão,Trator A,2024-10,257,602,307883,24773,2586
Centro-Oeste,Milho,Colheitadeira X,2024-11,125,170,44785,271383,934
Sudeste,Milho,Colheitadeira X,2024-08,288,1443,173052,288007,326
Sudeste,Algodão,Colheitadeira X,2024-03,374,466,492551,73968,3615
Sudeste,Trigo,Plantadeira Y,2024-12,78,924,241791,65430,4637
Sul,Trigo,Trator B,2024-10,360,118,497918,255072,2543
Sul,Milho,Trator B,2024-01,263,1461,357160,6515,827
Sul,Algodão,Colheitadeira X,2024-09,190,996,404825,102206,3786
Centro-Oeste,Algodão,Trator A,2024-01,327,1384,76253,250282,3722
Norte,Cana-de-açúcar,Trator A,2024-03,178,1956,488697,240702,1136
Sudeste,Trigo,Trator B,2024-08,322,1723,101128,10586,1932
Sudeste,Soja,Trator A,2024-03,258,211,431357,250277,2840
Centro-Oeste,Trigo,Trator B,2024-04,197,1796,171081,36186,592
Sudeste,Trigo,Colheitadeira X,2024-08,63,1263,399725,31928,1648
Sul,Cana-de-açúcar,Trator B,2024-01,335,1470,120966,234336,1243
Norte,Soja,Trator B,2024-06,366,1383,147854,219159,4057
Nordeste,Cana-de-açúcar,Colheitadeira X,2024-01,322,519,495288,25711,3507
Sudeste,Soja,Trator A,2024-01,147,1236,109352,59962,739
Sul,Milho,Trator B,2024-08,177,713,429149,25039,272
Nordeste,Soja,Trator B,2024-11,400,1881,349298,41561,4454
Norte,Cana-de-açúcar,Colheitadeira X,2024-04,112,1153,149379,211555,4059
Nordeste,Trigo,Trator A,2024-12,431,142,233279,224730,616
Sul,Soja,Trator B,2024-01,94,343,247281,6577,622
Nordeste,Soja,Colheitadeira X,2024-10,326,541,118297,112792,2017
Centro-Oeste,Algodão,Trator B,2024-07,221,72,216946,252980,2986
Nordeste,Trigo,Plantadeira Y,2024-05,12,1601,48346,243540,2264
Sudeste,Milho,Colheitadeira X,2024-05,393,1569,122138,233506,2029
Sudeste,Cana-de-açúcar,Trator A,2024-01,188,387,322916,217489,4045
Centro-Oeste,Milho,Trator A,2024-10,351,23,475300,15785,2309
Sul,Trigo,Trator A,2024-11,312,687,50149,77227,3883
Sudeste,Soja,Trator A,2024-06,461,1478,358844,70431,2690
Norte,Soja,Trator B,2024-09,485,78,168598,252941,4176
Sudeste,Trigo,Trator B,2024-09,341,577,368902,199844,1193
Sudeste,Soja,Trator A,2024-08,47,943,488928,155653,3980
Sul,Soja,Trator A,2024-05,429,1693,138447,268606,2594
Nordeste,Soja,Trator A,2024-01,248,1304,471693,200245,2679
Sudeste,Cana-de-açúcar,Trator B,2024-09,178,1076,15695,180486,2588
Centro-Oeste,Cana-de-açúcar,Trator A,2024-01,462,215,49169,77573,2885
Nordeste,Algodão,Trator A,2024-08,406,859,320091,229737,2858
Norte,Milho,Plantadeira Y,2024-05,352,1948,188296,124682,1674
Sul,Trigo,Plantadeira Y,2024-03,323,655,318009,18386,2473
Norte,Trigo,Trator A,2024-11,315,1650,166625,59460,4090
Nordeste,Trigo,Colheitadeira X,2024-07,39,998,376645,120375,4945
Nordeste,Algodão,Trator A,2024-07,199,699,332554,157117,1193
Nordeste,Cana-de-açúcar,Plantadeira Y,2024-09,366,544,375898,121582,1289
Norte,Algodão,Colheitadeira X,2024-07,34,1737,363039,248015,2789
Nordeste,Trigo,Colheitadeira X,2024-11,121,1219,428032,158778,4195
Norte,Milho,Trator A,2024-03,420,1343,196098,57335,1975
Nordeste,Soja,Plantadeira Y,2024-11,444,905,322849,234087,3506
Centro-Oeste,Cana-de-açúcar,Plantadeira Y,2024-01,215,1591,202994,57949,1887
Nordeste,Cana-de-açúcar,Colheitadeira X,2024-08,194,1689,387844,100558,4032
Norte,Algodão,Trator A,2024-12,391,784,346058,269860,1707
Sudeste,Cana-de-açúcar,Trator B,2024-03,388,1590,11881,152646,3848
Nordeste,Trigo,Trator B,2024-12,56,1928,442783,247887,148
Sudeste,Trigo,Plantadeira Y,2024-08,383,1786,319509,197898,3961
Centro-Oeste,Algodão,Trator B,2024-08,237,1141,89211,156285,2280
Sul,Trigo,Plantadeira Y,2024-05,48,174,473338,76916,3146
Centro-Oeste,Milho,Plantadeira Y,2024-12,25,1496,166078,202223,2933
Nordeste,Algodão,Plantadeira Y,2024-01,31,1706,313342,264590,1497
Sudeste,Milho,Trator B,2024-10,222,1949,426047,253090,3926
Sudeste,Soja,Plantadeira Y,2024-07,319,1042,372793,55906,4674
Norte,Milho,Colheitadeira X,2024-12,158,1743,419675,267607,931
Sudeste,Soja,Trator A,2024-10,465,292,435659,79694,2797
Norte,Soja,Trator A,2024-05,250,1935,445532,287152,4877
Sul,Milho,Plantadeira Y,2024-08,281,193,237203,75474,2835
Nordeste,Algodão,Trator A,2024-09,68,918,205558,43185,181
Norte,Trigo,Trator B,2024-11,296,1183,146949,267048,186
Sul,Trigo,Trator B,2024-07,435,1595,49553,261574,2163
Sudeste,Soja,Trator A,2024-07,211,698,408138,207211,921
Sudeste,Soja,Trator B,2024-01,41,1750,394922,27504,262
Sul,Algodão,Trator A,2024-04,452,892,389162,59970,3839
Sudeste,Cana-de-açúcar,Trator A,2024-02,171,475,145758,283910,2497
Sul,Milho,Trator A,2024-02,264,1103,42766,121944,2032
Norte,Soja,Plantadeira Y,2024-02,263,281,483159,178615,2828
Norte,Trigo,Trator A,2024-04,18,944,304150,169211,3635
Sul,Algodão,Plantadeira Y,2024-01,474,1673,41422,125494,3546
Norte,Milho,Trator A,2024-04,148,1371,388734,239941,2890
Norte,Algodão,Trator A,2024-02,489,1453,284349,13802,2807
Norte,Milho,Trator A,2024-05,19,575,489806,176277,4033
Centro-Oeste,Milho,Trator B,2024-03,223,1539,164599,16516,3485
Nordeste,Soja,Plantadeira Y,2024-12,282,861,252555,296230,1022
Sudeste,Algodão,Plantadeira Y,2024-08,333,1005,421659,118758,2275
Centro-Oeste,Algodão,Trator A,2024-04,57,1210,419740,35480,1682
Norte,Trigo,Trator A,2024-01,445,462,388621,188163,664
Sul,Trigo,Trator B,2024-01,120,922,38202,133023,3358
Norte,Soja,Trator B,2024-12,162,1879,468768,183838,2697
Nordeste,Soja,Trator B,2024-10,132,837,449358,276409,2600
Norte,Cana-de-açúcar,Plantadeira Y,2024-03,414,1092,333836,119165,4666
Sul,Trigo,Plantadeira Y,2024-09,366,843,223456,124501,1087
Nordeste,Milho,Plantadeira Y,2024-07,111,1288,30855,254329,3736
Norte,Algodão,Trator A,2024-02,250,197,486963,282530,323
Nordeste,Soja,Plantadeira Y,2024-09,330,1683,201444,126635,450
Sudeste,Algodão,Colheitadeira X,2024-10,200,620,297239,179326,2028
Sudeste,Algodão,Colheitadeira X,2024-02,226,410,441940,225935,448
Norte,Cana-de-açúcar,Trator B,2024-03,60,1754,321385,58634,4377
Nordeste,Trigo,Plantadeira Y,2024-11,301,1782,113119,183734,4832
Sul,Soja,Colheitadeira X,2024-10,90,947,62003,239856,1117
Norte,Algodão,Trator B,2024-02,498,725,471595,223599,2326
Sudeste,Soja,Plantadeira Y,2024-03,392,97,104837,242919,4967
Sudeste,Milho,Trator A,2024-06,97,434,233068,72443,4224
Norte,Cana-de-açúcar,Colheitadeira X,2024-09,203,658,366427,296568,2519
Nordeste,Milho,Trator A,2024-09,113,1462,419188,46505,1993
Sudeste,Soja,Plantadeira Y,2024-07,280,1432,133805,107478,3140
Nordeste,Soja,Colheitadeira X,2024-12,105,438,365990,67699,2168
Sudeste,Trigo,Plantadeira Y,2024-03,432,1140,295071,159721,1225
Sudeste,Algodão,Trator A,2024-04,388,1957,392733,141668,3217
Centro-Oeste,Algodão,Colheitadeira X,2024-06,207,379,125657,283518,4261
Sudeste,Milho,Trator A,2024-11,10,1087,338774,123686,4142
Sul,Cana-de-açúcar,Plantadeira Y,2024-05,416,1071,114428,270919,4533
Norte,Algodão,Plantadeira Y,2024-02,387,211,132035,294532,2270
Norte,Trigo,Trator A,2024-06,176,784,455563,288173,546
Nordeste,Milho,Colheitadeira X,2024-03,135,1324,240780,88981,2758
Sudeste,Milho,Trator A,2024-08,322,1146,398388,119010,3462
Sul,Trigo,Plantadeira Y,2024-02,90,536,492076,36105,2818
Nordeste,Cana-de-açúcar,Trator A,2024-01,427,1250,227282,264021,3583
Centro-Oeste,Trigo,Plantadeira Y,2024-09,260,170,79518,152032,3044
Nordeste,Cana-de-açúcar,Trator A,2024-12,178,647,186355,131519,4476
Nordeste,Trigo,Colheitadeira X,2024-03,486,1184,353470,147429,695
Sudeste,Trigo,Colheitadeira X,2024-11,82,1212,153277,282948,2086
Centro-Oeste,Soja,Trator A,2024-01,150,94,130243,132732,2850
Nordeste,Milho,Trator A,2024-07,79,1122,493090,150698,1174
Sul,Trigo,Colheitadeira X,2024-10,271,17,284892,164204,4069
Sul,Trigo,Plantadeira Y,2024-05,349,977,424313,275095,4405
Norte,Algodão,Colheitadeira X,2024-05,317,1862,406308,286209,4321
Centro-Oeste,Milho,Plantadeira Y,2024-01,254,809,63311,110072,4687
Centro-Oeste,Algodão,Trator A,2024-09,12,949,32692,145202,3680
Norte,Milho,Trator A,2024-07,346,746,134954,94360,3107
Nordeste,Algodão,Plantadeira Y,2024-08,72,1862,164934,67287,1069
Centro-Oeste,Trigo,Trator A,2024-09,58,1832,402179,243009,680
Sul,Trigo,Plantadeira Y,2024-06,85,1466,231468,187774,2924
Sul,Soja,Trator B,2024-12,377,1566,351651,173065,4101
Sudeste,Algodão,Colheitadeira X,2024-05,184,1615,90152,167947,1311
Centro-Oeste,Cana-de-açúcar,Trator B,2024-06,118,1996,473685,251356,329
Nordeste,Soja,Plantadeira Y,2024-11,192,880,14926,142126,4384
Norte,Algodão,Colheitadeira X,2024-02,201,1964,494515,235881,3285
Norte,Algodão,Plantadeira Y,2024-04,74,1839,13969,112357,601
Nordeste,Soja,Colheitadeira X,2024-03,346,1178,45733,212440,2232
Sudeste,Trigo,Colheitadeira X,2024-07,460,664,341999,34670,148
Norte,Algodão,Colheitadeira X,2024-09,483,1036,51743,164379,3666
Centro-Oeste,Trigo,Colheitadeira X,2024-05,280,1057,140193,249159,3155
Sudeste,Soja,Plantadeira Y,2024-06,109,300,180948,203159,788
Centro-Oeste,Trigo,Colheitadeira X,2024-10,41,990,379589,199152,486
Sul,Milho,Colheitadeira X,2024-12,361,930,30323,84335,1069
Sudeste,Cana-de-açúcar,Trator B,2024-12,137,1749,288572,293456,3560
Norte,Algodão,Trator A,2024-02,461,644,44578,71985,1105
Sudeste,Cana-de-açúcar,Trator A,2024-03,411,344,96486,135744,3152
Sudeste,Trigo,Trator B,2024-03,378,632,336284,256713,3517
Sudeste,Algodão,Trator B,2024-12,348,443,267450,176349,2402
Sudeste,Trigo,Plantadeira Y,2024-12,52,1172,117325,36551,2383
Centro-Oeste,Milho,Plantadeira Y,2024-09,381,946,355973,94813,1707
Sul,Soja,Plantadeira Y,2024-07,428,834,278508,181284,4466
Nordeste,Algodão,Trator B,2024-08,497,1775,401011,14637,222
Sudeste,Milho,Trator B,2024-11,87,523,438565,134553,1380
Norte,Milho,Colheitadeira X,2024-10,323,980,141763,31950,3827
Sudeste,Algodão,Plantadeira Y,2024-11,298,1073,267971,132870,358
Norte,Trigo,Plantadeira Y,2024-09,279,959,105598,5215,1047
Centro-Oeste,Milho,Plantadeira Y,2024-06,171,1267,207539,278667,624
Norte,Cana-de-açúcar,Trator A,2024-04,198,956,186968,28834,987
Nordeste,Milho,Colheitadeira X,2024-12,256,948,67062,48066,307
Sul,Trigo,Plantadeira Y,2024-01,397,159,238338,277544,3482
Norte,Trigo,Plantadeira Y,2024-08,225,1209,220834,15345,2894
Norte,Cana-de-açúcar,Plantadeira Y,2024-07,324,1243,154933,38896,248
Sul,Milho,Trator A,2024-02,422,92,237909,296043,537
Nordeste,Trigo,Trator A,2024-08,348,1284,98302,295373,2302
Sudeste,Algodão,Trator B,2024-12,399,1539,73928,272727,3849
Norte,Soja,Colheitadeira X,2024-05,386,1101,224303,76537,3261
Sul,Soja,Trator B,2024-07,490,935,51347,245489,4001
Centro-Oeste,Soja,Colheitadeira X,2024-04,442,183,13121,79807,4553
Sul,Milho,Trator A,2024-05,177,216,93793,134648,3345
Centro-Oeste,Cana-de-açúcar,Plantadeira Y,2024-08,348,1833,38164,149401,4651
Nordeste,Trigo,Trator B,2024-01,202,1262,297635,237117,2923
Sudeste,Algodão,Plantadeira Y,2024-01,462,469,69222,253780,4824
Sul,Algodão,Trator B,2024-04,292,1779,164237,218286,3370
Norte,Milho,Trator A,2024-03,345,1251,13748,42052,585
Nordeste,Soja,Trator A,2024-10,399,635,36553,51032,299
Sul,Milho,Trator A,2024-12,497,829,126547,103802,4566
Norte,Cana-de-açúcar,Trator B,2024-02,22,1292,70380,239337,2082
Sul,Cana-de-açúcar,Colheitadeira X,2024-12,249,1235,54331,177857,1571
Centro-Oeste,Trigo,Trator B,2024-03,329,611,237105,201753,4443
Sul,Trigo,Colheitadeira X,2024-11,455,889,130617,225934,4983
Sul,Cana-de-açúcar,Trator B,2024-11,492,1762,311704,231599,2411
Sul,Cana-de-açúcar,Trator B,2024-11,156,370,326009,118221,3473
Nordeste,Cana-de-açúcar,Trator A,2024-01,213,280,449902,131457,2178
Sul,Milho,Plantadeira Y,2024-01,89,384,85910,283720,1621
Norte,Cana-de-açúcar,Plantadeira Y,2024-06,388,1771,407891,124875,704
Centro-Oeste,Algodão,Colheitadeira X,2024-05,52,1337,469922,36601,3948
Centro-Oeste,Soja,Plantadeira Y,2024-08,467,1659,350130,109186,3442
Sul,Cana-de-açúcar,Trator B,2024-02,98,1296,217288,170707,1517
Nordeste,Soja,Trator B,2024-04,157,949,20068,274609,4697
Nordeste,Milho,Trator A,2024-08,104,1813,64460,61754,3975
Norte,Soja,Trator A,2024-12,461,1092,372910,234047,3033
Sul,Milho,Plantadeira Y,2024-06,437,814,56418,97850,648
Centro-Oeste,Algodão,Colheitadeira X,2024-01,160,1378,298350,221191,938
Nordeste,Milho,Plantadeira Y,2024-04,11,929,138180,43871,3915
Sul,Milho,Plantadeira Y,2024-01,385,1943,272431,198946,947
Nordeste,Trigo,Plantadeira Y,2024-02,31,498,32337,296655,4809
Nordeste,Cana-de-açúcar,Plantadeira Y,2024-05,380,1551,161738,254200,4607
Centro-Oeste,Cana-de-açúcar,Trator B,2024-08,322,1126,257667,206239,4873
Sudeste,Algodão,Colheitadeira X,2024-08,494,1974,142233,239453,4354
Norte,Algodão,Trator B,2024-11,337,1099,372811,37574,4568
Norte,Cana-de-açúcar,Colheitadeira X,2024-03,16,368,362215,107072,2372
Centro-Oeste,Trigo,Trator A,2024-11,215,574,108064,209603,3420
Nordeste,Cana-de-açúcar,Plantadeira Y,2024-04,449,1830,441967,161258,2658
Sul,Trigo,Trator B,2024-10,384,767,485279,158885,4798
Nordeste,Algodão,Colheitadeira X,2024-11,460,280,378655,214884,4411
Centro-Oeste,Soja,Trator A,2024-06,123,54,492605,221597,2096
Norte,Algodão,Trator A,2024-11,281,1386,417974,114779,3773
Nordeste,Algodão,Plantadeira Y,2024-11,92,732,468996,23557,1664
Norte,Milho,Colheitadeira X,2024-10,188,910,256686,164132,4118
Sul,Milho,Trator B,2024-03,219,932,13178,236977,1940
Norte,Milho,Plantadeira Y,2024-02,473,568,41831,142152,3391
Norte,Milho,Trator B,2024-06,337,787,143248,149926,2987
Sudeste,Trigo,Trator A,2024-11,133,489,113306,203767,826
Sudeste,Cana-de-açúcar,Trator B,2024-05,490,1112,174726,163097,1344
Sudeste,Soja,Trator B,2024-10,122,1927,264292,189054,3560
Norte,Algodão,Plantadeira Y,2024-05,21,1833,429843,46081,3818
Centro-Oeste,Trigo,Trator B,2024-10,135,1666,193622,235693,1165
Norte,Soja,Plantadeira Y,2024-05,62,1836,384169,294238,4871
Centro-Oeste,Trigo,Trator A,2024-10,340,588,185982,160063,382
Centro-Oeste,Trigo,Plantadeira Y,2024-12,398,1324,100417,268445,1181
Sudeste,Algodão,Plantadeira Y,2024-05,292,240,199323,164682,3985
Nordeste,Cana-de-açúcar,Colheitadeira X,2024-03,149,60,438638,86463,2981
Sul,Milho,Trator B,2024-07,410,1947,21984,170750,2684
Sudeste,Cana-de-açúcar,Trator A,2024-06,399,364,99312,291610,3070
Sudeste,Algodão,Plantadeira Y,2024-04,106,1935,202458,31081,1252
Nordeste,Algodão,Trator A,2024-02,14,114,93291,29354,3597
Sul,Algodão,Colheitadeira X,2024-12,66,196,279279,98297,1047
Norte,Soja,Trator B,2024-09,421,908,10320,285444,4860
Norte,Cana-de-açúcar,Plantadeira Y,2024-01,343,1121,497387,69384,1817
Sudeste,Cana-de-açúcar,Trator B,2024-11,78,866,162756,126684,166
Sul,Trigo,Colheitadeira X,2024-04,127,572,459129,40525,736
Sudeste,Trigo,Colheitadeira X,2024-01,385,1088,360918,11464,413
Centro-Oeste,Trigo,Trator A,2024-06,68,654,425105,21562,3497
Sudeste,Algodão,Plantadeira Y,2024-04,42,43,236921,60514,664
Sudeste,Cana-de-açúcar,Trator A,2024-05,327,1568,370215,117564,1701
Norte,Algodão,Colheitadeira X,2024-05,59,1077,189971,37634,925
Norte,Soja,Trator B,2024-09,377,1448,265083,267204,3770
Norte,Trigo,Trator A,2024-01,498,641,413986,276413,1125
Centro-Oeste,Algodão,Trator A,2024-02,28,1041,442537,199215,2351
Norte,Algodão,Trator B,2024-06,223,40,489178,28065,4857
Sul,Soja,Trator A,2024-05,206,105,119863,270039,904
Nordeste,Milho,Trator B,2024-11,388,1822,51777,148424,2551
Sul,Cana-de-açúcar,Plantadeira Y,2024-07,459,1114,56250,109127,4731
Sul,Milho,Trator B,2024-03,487,1544,345178,101426,1491
Norte,Trigo,Plantadeira Y,2024-03,56,1251,377084,197376,1335
Nordeste,Algodão,Trator B,2024-10,176,1366,312274,16962,4132
Nordeste,Soja,Colheitadeira X,2024-02,461,1988,485147,38302,3380
Nordeste,Soja,Colheitadeira X,2024-03,298,170,190418,9011,4823
Centro-Oeste,Cana-de-açúcar,Plantadeira Y,2024-10,150,387,405753,24782,4944
Norte,Milho,Plantadeira Y,2024-01,93,1884,225834,203763,3649
Nordeste,Cana-de-açúcar,Colheitadeira X,2024-05,191,1923,25216,125654,4300
Centro-Oeste,Algodão,Plantadeira Y,2024-12,400,1404,356293,14196,4241
Sudeste,Cana-de-açúcar,Trator B,2024-05,88,1499,13009,48459,1454
Sudeste,Soja,Trator B,2024-12,224,794,362048,92245,1936
Centro-Oeste,Soja,Colheitadeira X,2024-11,23,1670,170399,83863,2992
Centro-Oeste,Trigo,Trator A,2024-07,224,35,155281,255463,2596
Norte,Trigo,Trator B,2024-04,412,1403,189515,37769,2683
Norte,Algodão,Plantadeira Y,2024-03,137,15,25029,261433,2658
Sudeste,Milho,Trator A,2024-01,319,1330,470829,29700,3718
Nordeste,Cana-de-açúcar,Trator A,2024-12,486,100,220515,251864,1659
Sudeste,Algodão,Trator B,2024-08,257,1218,198069,216428,1607
Nordeste,Trigo,Trator B,2024-03,413,457,374315,236237,4171
Nordeste,Cana-de-açúcar,Trator A,2024-02,38,196,124456,272413,2163
Norte,Trigo,Trator A,2024-11,289,490,334703,119003,3742
Sul,Cana-de-açúcar,Colheitadeira X,2024-04,347,1294,337036,144392,2100
Sul,Milho,Plantadeira Y,2024-03,328,1452,342553,54589,1394
Centro-Oeste,Algodão,Colheitadeira X,2024-01,211,1156,411851,255606,4165
Norte,Cana-de-açúcar,Trator B,2024-03,370,242,305209,212348,2852
Nordeste,Soja,Colheitadeira X,2024-12,66,1948,252471,40897,1853
Sul,Soja,Colheitadeira X,2024-02,401,1383,392688,194637,4310
Nordeste,Cana-de-açúcar,Colheitadeira X,2024-08,227,1968,379484,167002,1703
Sul,Cana-de-açúcar,Colheitadeira X,2024-06,71,1140,43783,193305,1422
Sul,Cana-de-açúcar,Plantadeira Y,2024-09,166,1856,44152,218893,2541
Sul,Soja,Plantadeira Y,2024-08,211,1474,68741,281524,1198
Norte,Soja,Trator A,2024-10,26,1371,379193,212968,1605
Sudeste,Cana-de-açúcar,Trator B,2024-03,331,1173,454718,75934,1226
Nordeste,Trigo,Colheitadeira X,2024-05,15,1093,39092,60830,396
Norte,Trigo,Trator A,2024-07,67,1275,158725,272673,3149
Norte,Milho,Trator A,2024-05,334,739,240636,257364,2325
Norte,Algodão,Trator A,2024-08,421,995,181541,238294,4454
Norte,Trigo,Plantadeira Y,2024-12,327,1518,264136,87987,3887
Norte,Soja,Colheitadeira X,2024-05,178,829,358627,54178,2196
Centro-Oeste,Trigo,Colheitadeira X,2024-01,462,1467,393729,143009,3709
Nordeste,Milho,Trator B,2024-05,91,110,331898,44886,2308
Norte,Milho,Colheitadeira X,2024-04,483,185,171050,54699,275
Nordeste,Algodão,Colheitadeira X,2024-06,477,188,97592,81396,2602
Centro-Oeste,Trigo,Trator A,2024-03,434,230,366687,95678,4099
Centro-Oeste,Soja,Trator B,2024-11,442,781,53169,30279,1767
Nordeste,Soja,Colheitadeira X,2024-05,228,794,451503,115776,4471
Sul,Cana-de-açúcar,Plantadeira Y,2024-02,186,1937,64745,106444,2645
Sudeste,Soja,Colheitadeira X,2024-11,213,1117,120168,118793,775
Sul,Algodão,Trator A,2024-06,80,692,123985,215809,1923
Sul,Algodão,Plantadeira Y,2024-12,396,534,277687,176616,1456
Sul,Soja,Trator A,2024-06,275,1399,197464,247262,3172
Norte,Soja,Colheitadeira X,2024-05,107,976,31067,13997,3359
Centro-Oeste,Cana-de-açúcar,Plantadeira Y,2024-06,354,940,61033,111102,646
Sul,Soja,Trator B,2024-11,300,1941,55256,45860,2183
Centro-Oeste,Cana-de-açúcar,Trator B,2024-07,217,1427,231705,270369,2140
Nordeste,Cana-de-açúcar,Plantadeira Y,2024-12,11,110,249455,115114,4634
Sudeste,Soja,Plantadeira Y,2024-05,133,1299,210417,118218,1852
Nordeste,Milho,Trator A,2024-01,289,835,425407,112041,1715
Nordeste,Milho,Plantadeira Y,2024-08,83,1531,96803,197150,1949
Norte,Cana-de-açúcar,Trator A,2024-04,175,683,213814,81290,2742
Sudeste,Soja,Colheitadeira X,2024-09,31,1553,128843,61633,1700
Nordeste,Milho,Trator A,2024-10,163,853,489809,293799,3496
Nordeste,Soja,Plantadeira Y,2024-12,436,1060,38992,126118,4502
Sudeste,Soja,Plantadeira Y,2024-06,448,397,222603,179673,3705
Sudeste,Soja,Colheitadeira X,2024-01,304,44,58803,8114,3899
Nordeste,Trigo,Plantadeira Y,2024-03,228,664,382119,293646,718
Sudeste,Soja,Plantadeira Y,2024-03,166,1246,204549,54768,1232
Nordeste,Trigo,Trator B,2024-10,239,1759,154282,88123,2215
Nordeste,Cana-de-açúcar,Trator B,2024-12,29,985,486545,113255,2439
Norte,Milho,Colheitadeira X,2024-12,484,1110,36270,171405,2839
Sul,Milho,Trator A,2024-04,50,849,465224,8174,4376
Nordeste,Milho,Trator B,2024-06,447,1748,408413,122769,1587
Centro-Oeste,Milho,Trator A,2024-07,157,205,254929,140393,1657
Sul,Milho,Plantadeira Y,2024-10,117,451,17452,232043,2213
Sul,Milho,Trator B,2024-04,412,1872,313630,247580,1144
Sul,Milho,Colheitadeira X,2024-06,93,1456,24859,191493,2531
Norte,Cana-de-açúcar,Colheitadeira X,2024-11,492,1066,430452,77635,1682
Nordeste,Soja,Colheitadeira X,2024-01,376,1239,435115,290904,1408
Norte,Algodão,Trator B,2024-08,331,448,42083,146385,701
Nordeste,Trigo,Trator A,2024-07,423,1355,339852,247878,1720
Norte,Algodão,Plantadeira Y,2024-11,318,765,121462,222070,4980
Norte,Algodão,Trator A,2024-11,299,231,157735,281274,4866
Centro-Oeste,Soja,Trator A,2024-09,415,52,365220,155056,200
Norte,Soja,Plantadeira Y,2024-03,332,1046,259737,148933,4371
Sudeste,Soja,Plantadeira Y,2024-02,143,916,291197,103970,337
Centro-Oeste,Milho,Trator B,2024-01,216,1467,152157,87203,4125
Norte,Cana-de-açúcar,Trator B,2024-03,292,1835,433780,197319,3018
Sul,Milho,Trator B,2024-05,275,1736,361889,205173,2642
Sudeste,Cana-de-açúcar,Trator B,2024-11,82,191,200167,157049,2103
Sudeste,Cana-de-açúcar,Trator B,2024-02,490,349,79517,222726,1637
Sudeste,Algodão,Plantadeira Y,2024-12,361,228,162225,77902,854
Centro-Oeste,Algodão,Trator A,2024-03,57,834,146319,97172,3468
Norte,Cana-de-açúcar,Trator B,2024-04,335,492,413769,151702,2358
Norte,Cana-de-açúcar,Trator B,2024-07,242,1937,424027,25056,3765
Sul,Milho,Trator A,2024-03,452,881,236453,143454,4335
Sul,Milho,Trator B,2024-09,109,853,409351,60739,640
Sudeste,Algodão,Trator A,2024-08,68,1257,146645,53639,369
Sul,Soja,Trator A,2024-04,267,1418,89267,268136,3560
Centro-Oeste,Cana-de-açúcar,Plantadeira Y,2024-01,422,983,148261,77394,3508
Norte,Milho,Colheitadeira X,2024-01,461,1617,352221,294304,605
Sudeste,Algodão,Plantadeira Y,2024-01,74,1021,446862,187447,1229
Sul,Milho,Colheitadeira X,2024-01,92,192,348767,155644,2179
Centro-Oeste,Cana-de-açúcar,Colheitadeira X,2024-08,163,1886,141004,9136,3245
Centro-Oeste,Cana-de-açúcar,Colheitadeira X,2024-03,482,274,63687,66868,3342
Sul,Trigo,Trator B,2024-06,275,1635,340456,299311,461
Norte,Soja,Plantadeira Y,2024-03,318,314,117615,115957,3820
Sul,Trigo,Colheitadeira X,2024-11,88,1160,403120,20479,1556
Sudeste,Algodão,Trator A,2024-05,324,1579,37564,124392,4167
Sul,Milho,Trator B,2024-07,159,1100,300979,167448,4295
Centro-Oeste,Algodão,Plantadeira Y,2024-02,444,1821,464803,140895,1781
Sul,Cana-de-açúcar,Colheitadeira X,2024-06,57,849,17697,261228,1152
Norte,Trigo,Trator A,2024-06,414,1700,90165,206528,2609
Nordeste,Trigo,Plantadeira Y,2024-11,388,1215,214994,286729,4827
Sul,Trigo,Plantadeira Y,2024-03,257,490,420262,239847,781
Norte,Algodão,Trator B,2024-06,287,1219,67823,293763,4032
Norte,Cana-de-açúcar,Plantadeira Y,2024-10,365,1450,476796,270864,2229
Centro-Oeste,Milho,Trator B,2024-10,107,124,456586,286411,4949
Norte,Milho,Colheitadeira X,2024-05,423,224,19615,151768,4116
Norte,Algodão,Trator B,2024-12,34,57,408276,166040,3402
Norte,Trigo,Trator A,2024-02,293,1762,402643,56567,819
Norte,Soja,Trator B,2024-09,458,1479,86436,96229,174
Sudeste,Algodão,Trator A,2024-08,378,1440,201591,204316,1393
Sudeste,Algodão,Trator B,2024-03,310,1671,392706,201497,2022
Centro-Oeste,Cana-de-açúcar,Plantadeira Y,2024-08,77,1265,343261,87844,4257
Sul,Milho,Colheitadeira X,2024-09,16,762,464374,168991,419
Norte,Algodão,Trator A,2024-03,314,742,44782,95697,2249
Sul,Algodão,Trator B,2024-03,146,724,488925,62196,1552
Sul,Trigo,Trator B,2024-02,173,410,88533,120600,1655
Centro-Oeste,Trigo,Trator B,2024-08,92,612,250011,105625,4307
Norte,Soja,Plantadeira Y,2024-10,394,1025,199327,38324,3132
Norte,Cana-de-açúcar,Plantadeira Y,2024-01,147,426,82684,56272,560
Nordeste,Soja,Trator A,2024-08,429,716,460134,254264,986
Sul,Trigo,Trator A,2024-07,82,251,267165,168996,3633
Sul,Milho,Plantadeira Y,2024-07,246,76,225356,232459,4036
Sudeste,Trigo,Trator A,2024-03,55,1858,351702,159961,1215
Nordeste,Cana-de-açúcar,Colheitadeira X,2024-01,115,189,226621,241538,1175
Sudeste,Trigo,Colheitadeira X,2024-04,425,10,245295,59675,3976
Sudeste,Cana-de-açúcar,Plantadeira Y,2024-09,297,1234,353566,78591,4715
Sudeste,Cana-de-açúcar,Trator A,2024-05,271,1572,261435,158706,2024
Centro-Oeste,Cana-de-açúcar,Trator B,2024-01,185,1639,267424,299507,1026
Centro-Oeste,Cana-de-açúcar,Colheitadeira X,2024-05,175,910,428472,199824,4752
Sudeste,Cana-de-açúcar,Plantadeira Y,2024-08,154,391,433221,234530,2381
Nordeste,Milho,Trator A,2024-08,339,1796,278782,118627,1155
Sul,Soja,Plantadeira Y,2024-05,379,703,309563,218988,4774
Nordeste,Algodão,Trator B,2024-12,292,1104,43377,294014,641
Norte,Soja,Colheitadeira X,2024-09,63,1205,116244,42394,2261
Centro-Oeste,Cana-de-açúcar,Plantadeira Y,2024-01,187,831,184188,84795,2351
Sul,Milho,Plantadeira Y,2024-04,428,1827,439850,280160,1152
Sul,Trigo,Plantadeira Y,2024-03,253,353,223363,47137,4669
Norte,Milho,Trator B,2024-02,350,1283,33382,143925,2844
Norte,Cana-de-açúcar,Plantadeira Y,2024-08,136,1865,256375,17379,3969
Sudeste,Milho,Trator B,2024-07,418,1730,197135,126169,4581
Centro-Oeste,Milho,Trator B,2024-09,421,312,163466,174439,4257
Centro-Oeste,Cana-de-açúcar,Trator B,2024-02,376,1373,339933,154172,4710
Nordeste,Milho,Colheitadeira X,2024-04,280,1155,244318,131082,4625
Sudeste,Algodão,Colheitadeira X,2024-06,141,1965,382778,16049,4775
Sudeste,Algodão,Plantadeira Y,2024-11,102,291,141936,166771,1660
Sudeste,Milho,Plantadeira Y,2024-03,388,770,371716,173112,3862
Sudeste,Trigo,Colheitadeira X,2024-08,82,729,443438,254527,1264
Centro-Oeste,Cana-de-açúcar,Trator A,2024-03,420,766,416882,229062,2822
Centro-Oeste,Algodão,Colheitadeira X,2024-12,419,1624,133664,62986,2458
Sudeste,Trigo,Trator B,2024-02,412,1515,162027,159672,570
Nordeste,Milho,Colheitadeira X,2024-03,257,387,382818,226849,1516
Sul,Trigo,Trator B,2024-11,357,1434,113533,221775,1568
Sul,Soja,Plantadeira Y,2024-06,282,392,353989,110315,908
Nordeste,Algodão,Trator A,2024-02,52,529,257997,287229,271
Sudeste,Milho,Plantadeira Y,2024-08,386,1585,79590,182926,4226
Centro-Oeste,Cana-de-açúcar,Trator B,2024-01,50,643,399919,220341,4242
Sul,Milho,Trator B,2024-07,179,942,338615,175851,4325
Norte,Cana-de-açúcar,Trator B,2024-02,443,1654,491530,192279,2499
Norte,Milho,Trator A,2024-10,221,1973,315442,230687,1745
Nordeste,Trigo,Colheitadeira X,2024-12,177,280,466324,150213,157
Sudeste,Trigo,Plantadeira Y,2024-06,48,504,254936,145416,1229
Sul,Trigo,Plantadeira Y,2024-12,378,721,58924,20896,1453
Sudeste,Soja,Colheitadeira X,2024-02,254,341,419925,94353,867
Sul,Cana-de-açúcar,Plantadeira Y,2024-02,160,1978,19726,34813,3995
Nordeste,Trigo,Trator A,2024-10,120,936,201896,220503,782
Nordeste,Soja,Plantadeira Y,2024-08,489,485,50542,70679,3554
Norte,Cana-de-açúcar,Trator B,2024-12,445,1925,423461,146753,2108
Sudeste,Milho,Colheitadeira X,2024-02,56,915,44753,208975,3242
Norte,Soja,Trator A,2024-07,72,1301,351932,270372,1890
Sudeste,Algodão,Colheitadeira X,2024-03,234,1948,293460,214755,1577
Norte,Soja,Trator A,2024-08,375,1086,243979,278541,985
Centro-Oeste,Soja,Trator B,2024-07,78,1356,94698,84183,4006
Centro-Oeste,Cana-de-açúcar,Colheitadeira X,2024-08,308,1759,288104,47317,4592
Centro-Oeste,Milho,Plantadeira Y,2024-07,441,113,40791,183986,1638
Centro-Oeste,Algodão,Trator A,2024-11,299,1307,297360,220705,2173
Sul,Trigo,Colheitadeira X,2024-06,305,1714,435683,181326,412
Centro-Oeste,Trigo,Plantadeira Y,2024-07,212,332,336571,57344,910
Nordeste,Soja,Colheitadeira X,2024-05,70,1804,384614,251060,2335
Nordeste,Cana-de-açúcar,Colheitadeira X,2024-07,443,319,465263,204618,2957
Sul,Cana-de-açúcar,Colheitadeira X,2024-01,460,1502,83290,164484,2863
Centro-Oeste,Trigo,Trator A,2024-01,327,1139,57014,115489,2132
Centro-Oeste,Algodão,Plantadeira Y,2024-09,323,703,145150,263667,1607
Centro-Oeste,Milho,Trator B,2024-05,170,785,481605,16549,4645
Norte,Algodão,Trator A,2024-05,340,1963,60519,30739,2670
Sudeste,Milho,Trator A,2024-03,25,1257,276186,288353,1994
Norte,Trigo,Trator A,2024-05,347,1525,59052,112051,2805
Sudeste,Milho,Trator B,2024-03,103,160,24389,20116,696
Centro-Oeste,Cana-de-açúcar,Plantadeira Y,2024-09,313,1501,368105,25045,2247
Centro-Oeste,Soja,Plantadeira Y,2024-09,147,1729,78111,40709,715
Norte,Soja,Plantadeira Y,2024-06,347,1300,377202,162977,1047
Norte,Trigo,Colheitadeira X,2024-01,47,891,365859,208675,4751
Sudeste,Cana-de-açúcar,Colheitadeira X,2024-07,136,1030,322877,234167,4473
Nordeste,Algodão,Colheitadeira X,2024-07,284,762,306898,224222,3864
Sudeste,Cana-de-açúcar,Trator B,2024-10,173,726,421840,194518,2113
Norte,Soja,Colheitadeira X,2024-10,452,1539,358030,188500,3797
Norte,Soja,Trator B,2024-04,328,917,167753,273591,590
Sul,Cana-de-açúcar,Plantadeira Y,2024-08,86,1314,99524,10499,4450
Norte,Cana-de-açúcar,Colheitadeira X,2024-06,183,875,353150,44041,2528
Sul,Soja,Colheitadeira X,2024-04,396,17,296848,298459,641
Nordeste,Algodão,Trator A,2024-04,467,612,104913,137371,1387
Sudeste,Trigo,Trator B,2024-02,367,502,104108,141066,1733
Sudeste,Trigo,Plantadeira Y,2024-02,330,1761,264803,231486,3026
Sul,Cana-de-açúcar,Trator A,2024-12,385,242,279637,217235,1452
Sudeste,Trigo,Trator A,2024-04,100,1122,79639,262831,4476
Norte,Soja,Plantadeira Y,2024-05,247,1366,241452,299499,1398
Centro-Oeste,Soja,Trator A,2024-08,273,785,326527,121220,4968
Sul,Cana-de-açúcar,Trator B,2024-06,188,1199,144066,226421,4067
Sudeste,Cana-de-açúcar,Trator B,2024-04,499,610,210352,269140,4523
Sul,Cana-de-açúcar,Colheitadeira X,2024-11,218,665,319378,256071,2358
Sul,Algodão,Trator A,2024-07,82,1652,450507,8089,4747
Centro-Oeste,Trigo,Colheitadeira X,2024-08,399,1595,138674,287803,2173
Norte,Cana-de-açúcar,Trator A,2024-02,116,853,496084,100965,801
Sul,Milho,Trator B,2024-12,354,940,15594,86268,2019
Sudeste,Milho,Trator B,2024-07,304,1495,246907,206798,2560
Nordeste,Soja,Trator B,2024-02,378,632,279515,242103,4362
Sul,Trigo,Trator A,2024-02,453,147,57315,249754,4364
Sul,Cana-de-açúcar,Trator B,2024-08,293,1229,224636,170637,4424
Centro-Oeste,Milho,Trator A,2024-02,362,1208,137251,94242,466
Norte,Trigo,Colheitadeira X,2024-11,191,718,242520,158956,627
Nordeste,Soja,Trator A,2024-09,46,1392,89526,284343,4986
Sudeste,Algodão,Colheitadeira X,2024-12,146,483,253459,65038,3818
Nordeste,Trigo,Trator A,2024-01,347,569,157698,62786,3709
Sudeste,Trigo,Colheitadeira X,2024-09,65,475,358149,241042,4035
Norte,Algodão,Trator B,2024-01,196,388,247330,214087,4719
Sudeste,Trigo,Colheitadeira X,2024-10,350,1720,115573,170250,2253
Centro-Oeste,Soja,Trator B,2024-10,267,930,410346,267678,2008
Centro-Oeste,Soja,Trator B,2024-02,454,421,147900,194826,3112
Centro-Oeste,Algodão,Colheitadeira X,2024-06,67,1853,329658,51233,4328
Centro-Oeste,Cana-de-açúcar,Trator A,2024-06,372,312,245707,202780,3122
Nordeste,Milho,Trator A,2024-01,132,653,193736,229522,3583
Norte,Cana-de-açúcar,Plantadeira Y,2024-07,197,1722,158955,111311,2820
Sudeste,Trigo,Trator A,2024-08,239,1395,184131,39409,1870
Sudeste,Milho,Plantadeira Y,2024-02,177,1029,487294,251231,4213
Centro-Oeste,Algodão,Trator A,2024-08,429,1072,184004,291198,1877
Centro-Oeste,Algodão,Trator A,2024-09,123,743,464485,34709,4312
Sul,Milho,Trator B,2024-06,261,1871,348130,114321,897
Norte,Soja,Plantadeira Y,2024-05,116,1126,358103,5363,3315
Nordeste,Milho,Trator A,2024-12,46,1748,274179,277502,3888
Sudeste,Trigo,Plantadeira Y,2024-09,344,1293,119767,50689,3076
Sul,Soja,Trator B,2024-12,101,1828,443961,269080,3837
Sul,Algodão,Trator B,2024-11,27,1811,27241,96074,1811
Sudeste,Milho,Plantadeira Y,2024-09,363,144,62975,180037,852
Nordeste,Cana-de-açúcar,Trator B,2024-01,72,1509,164226,213606,2569
Sul,Cana-de-açúcar,Colheitadeira X,2024-11,159,1265,428841,5882,4069
Sul,Trigo,Colheitadeira X,2024-03,148,978,448166,259822,1492
Norte,Cana-de-açúcar,Trator B,2024-09,195,1021,66396,130865,2705
Nordeste,Milho,Colheitadeira X,2024-11,194,957,128920,128745,777
Sul,Milho,Trator A,2024-02,214,908,416547,33885,205
Nordeste,Cana-de-açúcar,Plantadeira Y,2024-12,269,76,204999,176128,3387
Sudeste,Milho,Trator A,2024-04,223,1695,96226,196313,4853
Centro-Oeste,Trigo,Plantadeira Y,2024-04,265,1218,94719,26584,2046
Sul,Soja,Trator B,2024-02,144,1296,73014,275665,1195
Norte,Trigo,Trator A,2024-03,70,1349,49346,186089,1882
Sudeste,Trigo,Trator B,2024-03,372,111,80411,34063,4641
Nordeste,Milho,Trator B,2024-01,319,1260,195550,75268,3357
Sudeste,Soja,Plantadeira Y,2024-06,97,1070,153326,261306,2097
Sul,Milho,Plantadeira Y,2024-08,333,1730,196806,131218,4969
Nordeste,Algodão,Plantadeira Y,2024-12,485,887,431837,229126,1661
Centro-Oeste,Milho,Trator A,2024-03,216,143,348585,175635,4106
Sudeste,Milho,Colheitadeira X,2024-05,138,619,56121,175824,1775
Sul,Milho,Plantadeira Y,2024-01,320,1711,222490,231305,1222
Norte,Soja,Plantadeira Y,2024-10,12,867,332341,81411,4081
Nordeste,Milho,Trator A,2024-07,471,277,94577,114876,1401
Sudeste,Soja,Plantadeira Y,2024-10,431,1509,366778,203153,1043
Sudeste,Cana-de-açúcar,Trator A,2024-01,251,420,259106,165212,4650
Centro-Oeste,Algodão,Trator B,2024-12,130,510,445647,145399,1045
Centro-Oeste,Soja,Plantadeira Y,2024-11,394,737,372355,28331,700
Norte,Cana-de-açúcar,Plantadeira Y,2024-09,111,1753,145909,28004,2800
Norte,Soja,Trator B,2024-08,47,1881,493241,243441,4920
Sul,Soja,Trator B,2024-07,350,428,486379,194167,1517
Sul,Algodão,Trator B,2024-10,422,1435,474448,94044,1624
Norte,Trigo,Plantadeira Y,2024-07,142,1596,452210,276189,3866
Norte,Trigo,Colheitadeira X,2024-05,211,394,482295,287260,350
Nordeste,Soja,Colheitadeira X,2024-05,357,346,415831,23667,1644
Centro-Oeste,Milho,Colheitadeira X,2024-11,30,950,11466,79205,178
Sul,Cana-de-açúcar,Plantadeira Y,2024-05,251,618,302915,32302,3223
Centro-Oeste,Milho,Trator B,2024-01,464,1961,356030,167007,997
Centro-Oeste,Milho,Plantadeira Y,2024-08,460,497,338055,77534,4976
Norte,Soja,Trator B,2024-12,118,196,239638,230414,325
Nordeste,Soja,Plantadeira Y,2024-11,312,503,423962,167696,1309
Sudeste,Soja,Plantadeira Y,2024-01,93,826,98422,18440,4998
Nordeste,Soja,Trator B,2024-04,92,1740,463955,275012,4937
Nordeste,Trigo,Colheitadeira X,2024-09,300,1261,345513,166323,2278
Centro-Oeste,Soja,Trator B,2024-09,461,1973,274037,89523,2779
Nordeste,Trigo,Trator A,2024-05,78,231,302717,174801,2985
Sul,Trigo,Trator A,2024-04,138,1399,106907,20734,2906
Centro-Oeste,Soja,Trator B,2024-03,205,143,444090,178501,803
Sul,Algodão,Plantadeira Y,2024-03,149,860,218434,177409,2644
Sudeste,Cana-de-açúcar,Trator A,2024-12,453,821,372100,275577,2470
Centro-Oeste,Milho,Trator A,2024-05,292,1177,228532,145183,3381
Sudeste,Trigo,Plantadeira Y,2024-10,321,1143,268093,108986,4810
Centro-Oeste,Cana-de-açúcar,Plantadeira Y,2024-01,243,1478,390724,118783,428
Norte,Algodão,Colheitadeira X,2024-05,32,1091,436583,216655,4328
Nordeste,Milho,Plantadeira Y,2024-06,162,108,162271,288895,220
Norte,Milho,Trator B,2024-07,286,1879,363548,152525,1064
Sudeste,Trigo,Trator B,2024-12,70,875,215400,221916,4324
Nordeste,Soja,Colheitadeira X,2024-09,328,672,329868,166149,3775
Centro-Oeste,Algodão,Trator A,2024-03,387,277,358277,244654,2176
Nordeste,Trigo,Trator A,2024-02,61,1034,177477,194216,432
Sul,Algodão,Plantadeira Y,2024-03,353,1175,239304,182169,3468
Nordeste,Soja,Trator B,2024-12,162,188,25989,291647,1416
Sul,Soja,Trator A,2024-09,246,1056,301075,138851,1296
Nordeste,Trigo,Colheitadeira X,2024-12,320,1990,281434,136827,3270
Sul,Soja,Colheitadeira X,2024-07,311,1578,441583,56482,1529
Sudeste,Cana-de-açúcar,Trator B,2024-09,41,1147,131136,127989,455
Norte,Milho,Colheitadeira X,2024-02,64,297,352022,281393,4334
Centro-Oeste,Trigo,Colheitadeira X,2024-05,361,1399,362621,249255,1626
Nordeste,Algodão,Trator B,2024-04,398,1272,482697,115361,3997
Norte,Cana-de-açúcar,Plantadeira Y,2024-02,45,1608,217370,291744,128
Centro-Oeste,Trigo,Plantadeira Y,2024-09,119,1754,136299,286366,1113
Centro-Oeste,Soja,Colheitadeira X,2024-09,499,1246,171205,46139,2802
Sul,Soja,Plantadeira Y,2024-06,186,181,253688,119919,927
Sudeste,Soja,Plantadeira Y,2024-11,371,1327,115686,252677,4546
Sudeste,Soja,Colheitadeira X,2024-06,323,1704,430268,230756,2124
Norte,Algodão,Plantadeira Y,2024-08,304,62,379430,144718,398
Sudeste,Cana-de-açúcar,Colheitadeira X,2024-06,345,1297,488705,149615,1965
Nordeste,Milho,Trator A,2024-01,106,312,312619,230568,4116
Sudeste,Algodão,Trator B,2024-04,378,1598,92666,158857,2211
Norte,Algodão,Trator B,2024-07,222,1316,368766,28777,854
Sudeste,Milho,Plantadeira Y,2024-02,326,981,198728,62939,869
Nordeste,Milho,Plantadeira Y,2024-09,146,1133,145705,28548,3835
Sul,Soja,Plantadeira Y,2024-08,15,1256,420520,130549,1338
Norte,Algodão,Trator B,2024-08,118,1275,117573,142799,2313
Sul,Trigo,Trator A,2024-07,44,704,238892,246532,2006
Sul,Milho,Trator A,2024-04,48,1522,318690,186789,1664
Sul,Milho,Trator B,2024-02,159,87,279152,152764,1318
Centro-Oeste,Cana-de-açúcar,Trator A,2024-03,434,1214,320435,36625,4701
Centro-Oeste,Trigo,Trator B,2024-12,127,256,168477,292062,1457
Sul,Trigo,Trator A,2024-06,270,1383,258141,119881,3939
Norte,Milho,Colheitadeira X,2024-12,435,1778,308530,282721,1560
Nordeste,Soja,Colheitadeira X,2024-12,96,1900,100909,116776,4085
Nordeste,Cana-de-açúcar,Trator B,2024-05,474,1724,161899,238996,1516
Sudeste,Trigo,Trator A,2024-12,85,800,305184,262831,2953
Norte,Milho,Plantadeira Y,2024-08,480,901,70354,217803,4956
Centro-Oeste,Trigo,Trator A,2024-06,473,1966,350687,163761,1528
Sul,Cana-de-açúcar,Colheitadeira X,2024-06,460,214,28157,147226,4478
Sudeste,Cana-de-açúcar,Colheitadeira X,2024-01,423,820,45315,26341,4574
Nordeste,Algodão,Trator A,2024-04,322,1836,308076,210753,4393
Centro-Oeste,Milho,Trator A,2024-05,392,613,424380,254141,3162
Centro-Oeste,Cana-de-açúcar,Plantadeira Y,2024-12,223,451,155486,204488,3171
Sul,Algodão,Plantadeira Y,2024-11,466,464,268669,261139,655
Nordeste,Algodão,Trator A,2024-03,294,972,417543,83840,455
Norte,Trigo,Trator A,2024-09,248,476,386024,170767,1663
Centro-Oeste,Trigo,Trator A,2024-01,174,1748,142018,166297,3600
Sul,Algodão,Trator A,2024-06,96,374,286837,54156,1140
Norte,Trigo,Trator B,2024-06,150,904,299385,213281,2786
Nordeste,Cana-de-açúcar,Trator A,2024-10,169,1962,387338,92453,4574
Centro-Oeste,Soja,Plantadeira Y,2024-05,55,1520,105790,163901,4875
Norte,Cana-de-açúcar,Colheitadeira X,2024-12,381,927,418756,30938,2653
Norte,Algodão,Trator B,2024-05,121,141,82255,64164,1879
Norte,Algodão,Trator A,2024-10,416,371,205829,204271,175
Centro-Oeste,Cana-de-açúcar,Colheitadeira X,2024-05,54,916,182275,65282,4426
Centro-Oeste,Trigo,Trator B,2024-06,410,188,428297,270470,3419
Sudeste,Trigo,Colheitadeira X,2024-08,256,1616,202933,163666,2449
Nordeste,Algodão,Trator A,2024-02,113,1315,271439,120819,2873
Sul,Milho,Trator A,2024-06,94,476,21350,271907,2362
Norte,Trigo,Plantadeira Y,2024-01,459,1403,196584,146900,3329
Sudeste,Cana-de-açúcar,Trator A,2024-04,494,658,328953,278365,2216
Sul,Trigo,Trator A,2024-10,143,753,111894,18569,492
Sudeste,Cana-de-açúcar,Trator B,2024-03,117,541,369701,232966,1208
Centro-Oeste,Algodão,Plantadeira Y,2024-09,27,1539,446048,42860,4462
Norte,Trigo,Trator B,2024-03,103,806,431585,207630,710
Sul,Cana-de-açúcar,Colheitadeira X,2024-06,159,1607,41728,149587,2875
Sul,Algodão,Trator A,2024-01,255,1278,289720,76695,4098
Sul,Milho,Colheitadeira X,2024-12,298,924,432217,258078,772
Sul,Cana-de-açúcar,Trator B,2024-06,423,514,93384,247599,3777
Sul,Milho,Trator A,2024-04,218,634,10390,160976,130
Sudeste,Milho,Trator A,2024-08,135,1006,490751,196007,1500
Norte,Soja,Trator B,2024-11,244,1101,317580,10636,4171
Centro-Oeste,Trigo,Trator B,2024-09,425,1310,21569,266578,716
Centro-Oeste,Cana-de-açúcar,Trator B,2024-04,435,920,416245,288816,4734
Centro-Oeste,Milho,Trator B,2024-10,471,1988,32490,272956,2886
Centro-Oeste,Soja,Trator B,2024-12,131,1388,318019,232693,970
Sudeste,Algodão,Trator A,2024-10,147,1038,278011,5654,4296
Nordeste,Cana-de-açúcar,Trator B,2024-06,124,1239,90820,59633,3704
Norte,Milho,Trator A,2024-01,429,1863,371659,22143,1512
Sul,Trigo,Trator A,2024-04,171,156,281265,60934,2839
Nordeste,Soja,Trator B,2024-07,210,1033,11539,108463,1040
Centro-Oeste,Milho,Trator B,2024-12,243,1223,494240,130851,440
Nordeste,Trigo,Plantadeira Y,2024-01,37,1982,420243,34087,3008
Norte,Milho,Trator A,2024-08,20,1311,399546,147690,4233
Sul,Cana-de-açúcar,Trator B,2024-12,215,468,346373,275590,759
Sul,Cana-de-açúcar,Trator B,2024-10,176,1141,412137,163272,2133
Norte,Cana-de-açúcar,Trator B,2024-12,256,275,322579,231179,1660
Norte,Soja,Plantadeira Y,2024-11,56,1191,413526,197537,3557
Centro-Oeste,Cana-de-açúcar,Plantadeira Y,2024-06,255,464,73965,222508,1756
Sul,Trigo,Colheitadeira X,2024-05,136,109,383192,123422,3075
Nordeste,Milho,Trator A,2024-10,156,1721,368588,224631,1149
Sudeste,Algodão,Colheitadeira X,2024-11,127,1584,342066,44148,553
Sudeste,Trigo,Trator B,2024-09,408,1310,107799,156770,1804
Norte,Trigo,Plantadeira Y,2024-02,391,1715,103948,192535,2884
Centro-Oeste,Cana-de-açúcar,Plantadeira Y,2024-05,421,166,486055,83012,918
Sudeste,Soja,Colheitadeira X,2024-06,161,355,153314,61116,4968
Sul,Milho,Plantadeira Y,2024-07,81,438,258099,149233,112
Norte,Soja,Trator B,2024-05,372,856,281091,37152,4079
Nordeste,Milho,Plantadeira Y,2024-09,146,144,253322,111379,1020
Norte,Milho,Colheitadeira X,2024-01,184,1499,212538,231905,2518
Nordeste,Soja,Trator B,2024-07,298,1160,244778,25836,1414
Norte,Trigo,Colheitadeira X,2024-10,455,91,265821,226439,3777
Norte,Milho,Plantadeira Y,2024-07,490,1716,202888,191720,2117
Norte,Soja,Colheitadeira X,2024-04,28,187,320929,162403,1328
Nordeste,Milho,Colheitadeira X,2024-09,204,372,392107,146835,4892
Nordeste,Algodão,Trator A,2024-12,339,133,272651,98109,2534
Norte,Trigo,Plantadeira Y,2024-11,433,1274,470188,155259,2968
Sudeste,Cana-de-açúcar,Plantadeira Y,2024-05,184,1629,168223,148029,2615
Centro-Oeste,Milho,Colheitadeira X,2024-04,499,1606,21618,87018,1538
Centro-Oeste,Algodão,Trator A,2024-07,458,674,346430,128076,4264
Centro-Oeste,Cana-de-açúcar,Plantadeira Y,2024-04,422,1927,288266,163177,3643
Nordeste,Cana-de-açúcar,Trator B,2024-03,443,1406,148426,184425,3275
Nordeste,Milho,Colheitadeira X,2024-09,363,153,381742,220657,1881
Sudeste,Soja,Plantadeira Y,2024-11,150,989,434195,7637,2363
Centro-Oeste,Milho,Trator B,2024-08,255,856,96436,242989,2069
Centro-Oeste,Algodão,Plantadeira Y,2024-01,394,1461,220448,237259,311
Norte,Cana-de-açúcar,Trator B,2024-07,427,632,455990,87464,607
Nordeste,Milho,Colheitadeira X,2024-09,102,1754,146109,295886,431
Centro-Oeste,Soja,Plantadeira Y,2024-08,441,1497,38633,16831,650
Sudeste,Milho,Plantadeira Y,2024-08,248,450,296639,118768,1041
Sudeste,Trigo,Trator A,2024-06,214,1509,336694,251983,827
Centro-Oeste,Soja,Colheitadeira X,2024-11,57,888,222456,109824,2962
Nordeste,Algodão,Trator B,2024-04,442,298,308627,93741,3343
Sudeste,Cana-de-açúcar,Plantadeira Y,2024-08,254,1793,385325,23830,748
Norte,Milho,Plantadeira Y,2024-03,329,1171,476589,74202,2837
Sudeste,Soja,Trator B,2024-09,326,254,306213,222394,2847
Sul,Trigo,Colheitadeira X,2024-02,422,882,148442,207123,1109
Sul,Soja,Trator A,2024-02,304,952,129873,162699,1650
Nordeste,Trigo,Trator A,2024-12,137,979,388987,282342,903
Centro-Oeste,Algodão,Plantadeira Y,2024-12,353,1330,81947,111471,4180
